Date,Symbol,Open,High,Low,Close,Volume
2023-01-19T04:30:00.000Z,SAZEW,44.02000045776367,46.9900016784668,44.02000045776367,45.11000061035156,8000
2023-01-20T04:30:00.000Z,SAZEW,45.349998474121094,46,45.20000076293945,45.81999969482422,22500
2023-01-23T04:30:00.000Z,SAZEW,44.79999923706055,45.400001525878906,44.5,45.20000076293945,9000
2023-01-24T04:30:00.000Z,SAZEW,45.5,45.95000076293945,45.15999984741211,45.43000030517578,22000
2023-01-25T04:30:00.000Z,SAZEW,45.65999984741211,46.900001525878906,45.65999984741211,46.130001068115234,34000
2023-01-26T04:30:00.000Z,SAZEW,46,49.58000183105469,46,48.650001525878906,154500
2023-01-27T04:30:00.000Z,SAZEW,48.04999923706055,48.79999923706055,46.099998474121094,48,45500
2023-01-30T04:30:00.000Z,SAZEW,48.70000076293945,49.400001525878906,48,48,29000
2023-01-31T04:30:00.000Z,SAZEW,48.70000076293945,49.04999923706055,48,48.2400016784668,40000
2023-02-01T04:30:00.000Z,SAZEW,47.119998931884766,48.810001373291016,47.119998931884766,48.20000076293945,8000
2023-02-02T04:30:00.000Z,SAZEW,48,48.349998474121094,47.599998474121094,48.20000076293945,28000
2023-02-03T04:30:00.000Z,SAZEW,48.5,49.25,47.5,47.970001220703125,37500
2023-02-06T04:30:00.000Z,SAZEW,47.599998474121094,48.689998626708984,47.0099983215332,47.470001220703125,26500
2023-02-07T04:30:00.000Z,SAZEW,47.40999984741211,47.900001525878906,46,46.25,128000
2023-02-08T04:30:00.000Z,SAZEW,46.599998474121094,49.709999084472656,46.599998474121094,49.560001373291016,615500
2023-02-09T04:30:00.000Z,SAZEW,49.400001525878906,50,48.9900016784668,49.47999954223633,351500
2023-02-10T04:30:00.000Z,SAZEW,48.75,51.45000076293945,48.5,49.959999084472656,463000
2023-02-13T04:30:00.000Z,SAZEW,50.9900016784668,51.75,50.209999084472656,50.310001373291016,216500
2023-02-14T04:30:00.000Z,SAZEW,50.5,54.08000183105469,50.349998474121094,52.040000915527344,1670500
2023-02-15T04:30:00.000Z,SAZEW,52.4900016784668,53,51.29999923706055,51.86000061035156,218500
2023-02-16T04:30:00.000Z,SAZEW,52.29999923706055,54.400001525878906,51.29999923706055,53.369998931884766,500500
2023-02-17T04:30:00.000Z,SAZEW,53.5,57.20000076293945,53.0099983215332,56.310001373291016,949500
2023-02-20T04:30:00.000Z,SAZEW,59,59,56,58.22999954223633,1071500
2023-02-21T04:30:00.000Z,SAZEW,61,61,55.29999923706055,55.959999084472656,1507500
2023-02-22T04:30:00.000Z,SAZEW,56,56.400001525878906,54.40999984741211,54.93000030517578,413000
2023-02-23T04:30:00.000Z,SAZEW,54.29999923706055,56,53.099998474121094,54.349998474121094,636000
2023-02-24T04:30:00.000Z,SAZEW,54.54999923706055,56.45000076293945,54,55.43000030517578,650500
2023-02-27T04:30:00.000Z,SAZEW,57.9900016784668,57.9900016784668,51.5099983215332,52.689998626708984,861500
2023-02-28T04:30:00.000Z,SAZEW,52.650001525878906,53.25,51.5,52.5,147500
2023-03-01T04:30:00.000Z,SAZEW,52,52.5,50.54999923706055,51.599998474121094,120000
2023-03-02T04:30:00.000Z,SAZEW,52.45000076293945,52.45000076293945,50.5,50.54999923706055,151000
2023-03-03T04:30:00.000Z,SAZEW,50,51.25,49.97999954223633,50.5,166000
2023-03-06T04:30:00.000Z,SAZEW,50.5,54.279998779296875,50.5,54.279998779296875,1128500
2023-03-07T04:30:00.000Z,SAZEW,54.75,55.349998474121094,52.70000076293945,52.97999954223633,227500
2023-03-08T04:30:00.000Z,SAZEW,53.25,53.400001525878906,52.20000076293945,52.31999969482422,49500
2023-03-09T04:30:00.000Z,SAZEW,52.9900016784668,54.2400016784668,52.40999984741211,53.34000015258789,315000
2023-03-10T04:30:00.000Z,SAZEW,53.150001525878906,54.75,52.75,53.400001525878906,263000
2023-03-13T04:30:00.000Z,SAZEW,53.9900016784668,54.29999923706055,52.54999923706055,52.9900016784668,134500
2023-03-14T04:30:00.000Z,SAZEW,52.61000061035156,52.61000061035156,51.54999923706055,51.83000183105469,79000
2023-03-15T04:30:00.000Z,SAZEW,51.900001525878906,53.25,51.29999923706055,52.470001220703125,536000
2023-03-16T04:30:00.000Z,SAZEW,52.900001525878906,55.400001525878906,52.5,54.11000061035156,2076000
2023-03-17T04:30:00.000Z,SAZEW,54.900001525878906,55,53.29999923706055,53.459999084472656,315500
2023-03-20T04:30:00.000Z,SAZEW,53,53.599998474121094,52.209999084472656,52.47999954223633,104000
2023-03-21T04:30:00.000Z,SAZEW,52.52000045776367,53.29999923706055,52,52.099998474121094,516500
2023-03-22T04:30:00.000Z,SAZEW,52.150001525878906,52.150001525878906,50.400001525878906,50.52000045776367,176500
2023-03-23T04:30:00.000Z,SAZEW,50.52000045776367,50.52000045776367,50.52000045776367,50.52000045776367,0
2023-03-24T04:30:00.000Z,SAZEW,50.4900016784668,50.4900016784668,48.75,48.93000030517578,59000
2023-03-27T04:30:00.000Z,SAZEW,48.5099983215332,49.779998779296875,48.0099983215332,48.599998474121094,148000
2023-03-28T04:30:00.000Z,SAZEW,47.709999084472656,48.02000045776367,47.04999923706055,47.16999816894531,464500
2023-03-29T04:30:00.000Z,SAZEW,47.5,48.279998779296875,45.02000045776367,45.40999984741211,405000
2023-03-30T04:30:00.000Z,SAZEW,45.7400016784668,45.7400016784668,44.349998474121094,45.189998626708984,79000
2023-03-31T04:30:00.000Z,SAZEW,45.5,45.72999954223633,45,45.40999984741211,46000
2023-04-03T04:30:00.000Z,SAZEW,44.9900016784668,45.38999938964844,44.5,44.709999084472656,44000
2023-04-04T04:30:00.000Z,SAZEW,44.5099983215332,45.20000076293945,44.5099983215332,44.959999084472656,41500
2023-04-05T04:30:00.000Z,SAZEW,45.25,45.900001525878906,45.099998474121094,45.279998779296875,49500
2023-04-06T04:30:00.000Z,SAZEW,45.5,46,45.349998474121094,45.540000915527344,369000
2023-04-07T04:30:00.000Z,SAZEW,46.099998474121094,46.849998474121094,45.540000915527344,45.91999816894531,209500
2023-04-10T04:30:00.000Z,SAZEW,45.400001525878906,45.400001525878906,44.95000076293945,45.060001373291016,29000
2023-04-11T04:30:00.000Z,SAZEW,44.70000076293945,45,44.599998474121094,44.810001373291016,77000
2023-04-12T04:30:00.000Z,SAZEW,44.11000061035156,45.88999938964844,44.099998474121094,44.77000045776367,66500
2023-04-13T04:30:00.000Z,SAZEW,45.599998474121094,45.79999923706055,44.77000045776367,44.9900016784668,105500
2023-04-14T04:30:00.000Z,SAZEW,44.9900016784668,44.9900016784668,44.9900016784668,44.9900016784668,0
2023-04-17T04:30:00.000Z,SAZEW,46,47.5,45.95000076293945,46.91999816894531,507500
2023-04-18T04:30:00.000Z,SAZEW,50,50.43000030517578,48.5099983215332,50.38999938964844,1060500
2023-04-19T04:30:00.000Z,SAZEW,52,54.15999984741211,51.5,54.15999984741211,1374000
2023-04-20T04:30:00.000Z,SAZEW,56,56.400001525878906,52.720001220703125,53.040000915527344,854500
2023-04-21T04:30:00.000Z,SAZEW,53.040000915527344,53.040000915527344,53.040000915527344,53.040000915527344,0
2023-04-24T04:30:00.000Z,SAZEW,53.040000915527344,53.040000915527344,53.040000915527344,53.040000915527344,0
2023-04-25T04:30:00.000Z,SAZEW,53.040000915527344,53.040000915527344,53.040000915527344,53.040000915527344,0
2023-04-26T04:30:00.000Z,SAZEW,52.29999923706055,53.4900016784668,52,53.0099983215332,289000
2023-04-27T04:30:00.000Z,SAZEW,53,55.63999938964844,52.75,54.13999938964844,650000
2023-04-28T04:30:00.000Z,SAZEW,54.689998626708984,55.52000045776367,53.5,53.54999923706055,299000
2023-05-01T04:30:00.000Z,SAZEW,53.54999923706055,53.54999923706055,53.54999923706055,53.54999923706055,0
2023-05-02T04:30:00.000Z,SAZEW,54,55,53.25,53.52000045776367,186500
2023-05-03T04:30:00.000Z,SAZEW,52.5,53.79999923706055,52.0099983215332,52.2599983215332,223000
2023-05-04T04:30:00.000Z,SAZEW,52,52.779998779296875,51.70000076293945,51.880001068115234,104500
2023-05-05T04:30:00.000Z,SAZEW,51.5099983215332,51.95000076293945,51.150001525878906,51.310001373291016,97500
2023-05-08T04:30:00.000Z,SAZEW,51.29999923706055,53.439998626708984,50.2599983215332,52.400001525878906,423000
2023-05-09T04:30:00.000Z,SAZEW,52.0099983215332,52.25,50.810001373291016,50.9900016784668,204000
2023-05-10T04:30:00.000Z,SAZEW,50.0099983215332,52,50,50.150001525878906,131500
2023-05-11T04:30:00.000Z,SAZEW,50.790000915527344,51.5,50.5,50.61000061035156,82000
2023-05-12T04:30:00.000Z,SAZEW,50.599998474121094,51.5,50.599998474121094,50.9900016784668,43000
2023-05-15T04:30:00.000Z,SAZEW,50.29999923706055,53,50.29999923706055,52.290000915527344,292000
2023-05-16T04:30:00.000Z,SAZEW,52.70000076293945,53.70000076293945,51.5,51.61000061035156,153000
2023-05-17T04:30:00.000Z,SAZEW,51.5,51.970001220703125,51,51.220001220703125,108000
2023-05-18T04:30:00.000Z,SAZEW,51.880001068115234,51.880001068115234,50.79999923706055,50.970001220703125,96500
2023-05-19T04:30:00.000Z,SAZEW,50.79999923706055,52,50.79999923706055,51.04999923706055,76500
2023-05-22T04:30:00.000Z,SAZEW,51.04999923706055,51.40999984741211,50,50.060001373291016,131000
2023-05-23T04:30:00.000Z,SAZEW,49.599998474121094,50.4900016784668,49.52000045776367,49.599998474121094,31500
2023-05-24T04:30:00.000Z,SAZEW,49.099998474121094,50,49.099998474121094,49.959999084472656,36000
2023-05-25T04:30:00.000Z,SAZEW,49.709999084472656,49.79999923706055,48.5,49.0099983215332,38000
2023-05-26T04:30:00.000Z,SAZEW,48.5,49.20000076293945,48.5,48.849998474121094,34500
2023-05-29T04:30:00.000Z,SAZEW,49.5,49.77000045776367,48.900001525878906,49,57500
2023-05-30T04:30:00.000Z,SAZEW,49.47999954223633,49.47999954223633,48.709999084472656,49.029998779296875,42000
2023-05-31T04:30:00.000Z,SAZEW,49,49.5,48.65999984741211,48.75,41500
2023-06-01T04:30:00.000Z,SAZEW,48.209999084472656,49.099998474121094,48.209999084472656,49,68000
2023-06-02T04:30:00.000Z,SAZEW,48.70000076293945,49.20000076293945,48.529998779296875,49,65500
2023-06-05T04:30:00.000Z,SAZEW,49,49.5,48.9900016784668,49.150001525878906,63000
2023-06-06T04:30:00.000Z,SAZEW,49.20000076293945,51,49.150001525878906,49.90999984741211,142000
2023-06-07T04:30:00.000Z,SAZEW,48.54999923706055,51.599998474121094,48.54999923706055,50.880001068115234,176500
2023-06-08T04:30:00.000Z,SAZEW,51,51.25,49.75,49.88999938964844,48000
2023-06-09T04:30:00.000Z,SAZEW,50.5,50.75,49.400001525878906,49.72999954223633,53500
2023-06-12T04:30:00.000Z,SAZEW,50,50,49.29999923706055,49.43000030517578,51500
2023-06-13T04:30:00.000Z,SAZEW,50.70000076293945,50.70000076293945,49.0099983215332,49.209999084472656,30000
2023-06-14T04:30:00.000Z,SAZEW,49.70000076293945,49.91999816894531,48.5099983215332,49,63000
2023-06-15T04:30:00.000Z,SAZEW,48.900001525878906,49,48.54999923706055,48.86000061035156,26000
2023-06-16T04:30:00.000Z,SAZEW,48.70000076293945,49.04999923706055,48.5,48.75,35500
2023-06-19T04:30:00.000Z,SAZEW,48.54999923706055,48.7400016784668,46,46.70000076293945,48500
2023-06-20T04:30:00.000Z,SAZEW,46.900001525878906,46.900001525878906,45.150001525878906,45.84000015258789,134000
2023-06-21T04:30:00.000Z,SAZEW,46.02000045776367,49.279998779296875,45.5,46.33000183105469,214500
2023-06-22T04:30:00.000Z,SAZEW,46.54999923706055,46.9900016784668,46.5,46.75,28500
2023-06-23T04:30:00.000Z,SAZEW,46.25,46.79999923706055,46.20000076293945,46.36000061035156,110500
2023-06-26T04:30:00.000Z,SAZEW,46.5,49.5,46.5,49.279998779296875,229000
2023-06-27T04:30:00.000Z,SAZEW,49.599998474121094,51.439998626708984,48.70000076293945,50.849998474121094,295000
2023-06-28T04:30:00.000Z,SAZEW,50.849998474121094,50.849998474121094,50.849998474121094,50.849998474121094,0
2023-06-29T04:30:00.000Z,SAZEW,50.849998474121094,50.849998474121094,50.849998474121094,50.849998474121094,0
2023-06-30T04:30:00.000Z,SAZEW,50.849998474121094,50.849998474121094,50.849998474121094,50.849998474121094,0
2023-07-03T04:30:00.000Z,SAZEW,54.65999984741211,54.65999984741211,52.0099983215332,54.540000915527344,620000
2023-07-04T04:30:00.000Z,SAZEW,54.970001220703125,54.970001220703125,53,53.400001525878906,419500
2023-07-05T04:30:00.000Z,SAZEW,53.5,54.25,52.79999923706055,53.90999984741211,402000
2023-07-06T04:30:00.000Z,SAZEW,54,55.47999954223633,53.5,53.88999938964844,623500
2023-07-07T04:30:00.000Z,SAZEW,54,55.88999938964844,53.9900016784668,55.16999816894531,816761
2023-07-10T04:30:00.000Z,SAZEW,55.7400016784668,59.310001373291016,55.599998474121094,59.310001373291016,1096940
2023-07-11T04:30:00.000Z,SAZEW,60.72999954223633,62.63999938964844,60,60.689998626708984,1441227
2023-07-12T04:30:00.000Z,SAZEW,61,62.5,58.61000061035156,60.68000030517578,905866
2023-07-13T04:30:00.000Z,SAZEW,61.0099983215332,64.69999694824219,60.25,61.29999923706055,1769038
2023-07-14T04:30:00.000Z,SAZEW,61.5,62.45000076293945,60.5099983215332,61.25,533950
2023-07-17T04:30:00.000Z,SAZEW,61.11000061035156,65.83999633789062,61.0099983215332,65.83999633789062,1690965
2023-07-18T04:30:00.000Z,SAZEW,68.44000244140625,69.98999786376953,66.11000061035156,67.25,1808832
2023-07-19T04:30:00.000Z,SAZEW,66.20999908447266,67.5999984741211,65.33000183105469,65.62000274658203,566342
2023-07-20T04:30:00.000Z,SAZEW,66,69.4800033569336,65.94999694824219,67.61000061035156,911149
2023-07-21T04:30:00.000Z,SAZEW,68.27999877929688,69.30000305175781,65.75,66.55000305175781,898291
2023-07-24T04:30:00.000Z,SAZEW,67.30000305175781,67.36000061035156,65.44999694824219,66.5999984741211,253832
2023-07-25T04:30:00.000Z,SAZEW,67,68.69999694824219,66,67.30999755859375,540957
2023-07-26T04:30:00.000Z,SAZEW,67.30000305175781,67.83000183105469,66.05000305175781,66.61000061035156,291980
2023-07-27T04:30:00.000Z,SAZEW,66.61000061035156,66.61000061035156,66.61000061035156,66.61000061035156,0
2023-07-28T04:30:00.000Z,SAZEW,66.61000061035156,66.61000061035156,66.61000061035156,66.61000061035156,0
2023-07-31T04:30:00.000Z,SAZEW,66.7699966430664,70.75,65.86000061035156,70.05999755859375,1007669
2023-08-01T04:30:00.000Z,SAZEW,72.0199966430664,75.30999755859375,71.98999786376953,75.30999755859375,1274584
2023-08-02T04:30:00.000Z,SAZEW,77.0199966430664,79.0999984741211,74.66000366210938,75.23999786376953,1330848
2023-08-03T04:30:00.000Z,SAZEW,76.26000213623047,77,72.05999755859375,72.70999908447266,480261
2023-08-04T04:30:00.000Z,SAZEW,73.9000015258789,75.73999786376953,72,73.68000030517578,385648
2023-08-07T04:30:00.000Z,SAZEW,73.68000030517578,79.20999908447266,71.91999816894531,79.20999908447266,788572
2023-08-08T04:30:00.000Z,SAZEW,80.55999755859375,83.97000122070312,76.19999694824219,78.16000366210938,825656
2023-08-09T04:30:00.000Z,SAZEW,78.9000015258789,79.88999938964844,73.98999786376953,75.30000305175781,424851
2023-08-10T04:30:00.000Z,SAZEW,75,79.54000091552734,74.44999694824219,75.58999633789062,822110
2023-08-11T04:30:00.000Z,SAZEW,76.58999633789062,77.4800033569336,75.16000366210938,75.63999938964844,323016
2023-08-14T04:30:00.000Z,SAZEW,75.63999938964844,75.63999938964844,75.63999938964844,75.63999938964844,0
2023-08-15T04:30:00.000Z,SAZEW,76.5,79,75,76.31999969482422,577848
2023-08-16T04:30:00.000Z,SAZEW,76.98999786376953,77.47000122070312,74.81999969482422,75.54000091552734,256173
2023-08-17T04:30:00.000Z,SAZEW,75.75,78,75.5999984741211,77.22000122070312,355278
2023-08-18T04:30:00.000Z,SAZEW,77.05999755859375,78.80000305175781,76.30000305175781,76.9800033569336,229223
2023-08-21T04:30:00.000Z,SAZEW,76.80000305175781,77.88999938964844,75.5999984741211,76.08999633789062,113404
2023-08-22T04:30:00.000Z,SAZEW,77,77,73.19999694824219,73.66000366210938,144801
2023-08-23T04:30:00.000Z,SAZEW,73.69999694824219,74.87000274658203,71,71.55000305175781,77108
2023-08-24T04:30:00.000Z,SAZEW,72,73.4800033569336,71.55000305175781,72.05000305175781,36127
2023-08-25T04:30:00.000Z,SAZEW,72,72.94999694824219,69,69.44999694824219,159315
2023-08-28T04:30:00.000Z,SAZEW,70,70.80000305175781,68.9000015258789,69.33000183105469,165062
2023-08-29T04:30:00.000Z,SAZEW,69.94999694824219,70.19000244140625,65,66.41000366210938,275147
2023-08-30T04:30:00.000Z,SAZEW,67.4000015258789,71.38999938964844,65.6500015258789,66.93000030517578,1017592
2023-08-31T04:30:00.000Z,SAZEW,67.29000091552734,68,63.630001068115234,65.54000091552734,367887
2023-09-01T04:30:00.000Z,SAZEW,65.80000305175781,66.88999938964844,64.75,65.2300033569336,317105
2023-09-04T04:30:00.000Z,SAZEW,66.4000015258789,69.94999694824219,65.5999984741211,68.20999908447266,417246
2023-09-05T04:30:00.000Z,SAZEW,69.51000213623047,71.98999786376953,68.61000061035156,70.69000244140625,589673
2023-09-06T04:30:00.000Z,SAZEW,70.94000244140625,75.98999786376953,70.0999984741211,75.98999786376953,1100216
2023-09-07T04:30:00.000Z,SAZEW,76.19999694824219,81.69000244140625,72.5,80.80000305175781,2193744
2023-09-08T04:30:00.000Z,SAZEW,81,81.98999786376953,77,77.86000061035156,720815
2023-09-11T04:30:00.000Z,SAZEW,79.11000061035156,80,77.19999694824219,79.41000366210938,707337
2023-09-12T04:30:00.000Z,SAZEW,79.94999694824219,83.98999786376953,79.94999694824219,81.48999786376953,723821
2023-09-13T04:30:00.000Z,SAZEW,82.19999694824219,82.9800033569336,79.79000091552734,80.47000122070312,302492
2023-09-14T04:30:00.000Z,SAZEW,79.25,80.63999938964844,79.25,79.69000244140625,146867
2023-09-15T04:30:00.000Z,SAZEW,81,82.0999984741211,79.62000274658203,79.7699966430664,298701
2023-09-18T04:30:00.000Z,SAZEW,79.79000091552734,80.87000274658203,79.43000030517578,80.4800033569336,108454
2023-09-19T04:30:00.000Z,SAZEW,80.79000091552734,83.5,80.25,81.94999694824219,698799
2023-09-20T04:30:00.000Z,SAZEW,81.98999786376953,82.5,80.54000091552734,81.30999755859375,292579
2023-09-21T04:30:00.000Z,SAZEW,82.27999877929688,84.05000305175781,81.80000305175781,83.18000030517578,748912
2023-09-22T04:30:00.000Z,SAZEW,83.38999938964844,89.41999816894531,83.38999938964844,89.41999816894531,804936
2023-09-25T04:30:00.000Z,SAZEW,90.8499984741211,95.9000015258789,89.83000183105469,93.23999786376953,1382215
2023-09-26T04:30:00.000Z,SAZEW,94.25,94.83999633789062,90,90.44000244140625,509277
2023-09-27T04:30:00.000Z,SAZEW,90.9800033569336,94.1500015258789,90.5,92.79000091552734,860370
2023-09-28T04:30:00.000Z,SAZEW,92.79000091552734,92.79000091552734,92.79000091552734,92.79000091552734,0
2023-09-29T04:30:00.000Z,SAZEW,92.79000091552734,92.79000091552734,92.79000091552734,92.79000091552734,0
2023-10-02T04:30:00.000Z,SAZEW,92.5,94,91.75,92.13999938964844,295044
2023-10-03T04:30:00.000Z,SAZEW,92.9800033569336,93.19999694824219,90.80000305175781,91.05999755859375,336274
2023-10-04T04:30:00.000Z,SAZEW,91.8499984741211,93,90.93000030517578,92.69999694824219,516666
2023-10-05T04:30:00.000Z,SAZEW,92.98999786376953,94.0999984741211,92,93.06999969482422,507239
2023-10-06T04:30:00.000Z,SAZEW,92.51000213623047,100.05000305175781,92.51000213623047,100.05000305175781,1376939
2023-10-09T04:30:00.000Z,SAZEW,101.0999984741211,107.55000305175781,99.6500015258789,107.55000305175781,1081323
2023-10-10T04:30:00.000Z,SAZEW,110.55000305175781,112.75,105.01000213623047,105.77999877929688,1306132
2023-10-11T04:30:00.000Z,SAZEW,105.80000305175781,113.70999908447266,104.3499984741211,113.70999908447266,1216910
2023-10-12T04:30:00.000Z,SAZEW,119.5,122.23999786376953,117.5,122.23999786376953,273351
2023-10-13T04:30:00.000Z,SAZEW,131,131.41000366210938,131,131.41000366210938,210679
2023-10-16T04:30:00.000Z,SAZEW,141.27000427246094,141.27000427246094,121.55000305175781,134.02999877929688,4453552
2023-10-17T04:30:00.000Z,SAZEW,134,134,127.69999694824219,129.94000244140625,1232355
2023-10-18T04:30:00.000Z,SAZEW,127.98999786376953,130.5,125.0999984741211,126.77999877929688,665781
2023-10-19T04:30:00.000Z,SAZEW,126.48999786376953,136.2899932861328,126.05999755859375,136.2899932861328,1276111
2023-10-20T04:30:00.000Z,SAZEW,146.50999450683594,146.50999450683594,146.50999450683594,146.50999450683594,459772
2023-10-23T04:30:00.000Z,SAZEW,154.99000549316406,154.99000549316406,142.99000549316406,145.75999450683594,3038491
2023-10-24T04:30:00.000Z,SAZEW,145.97000122070312,147.4499969482422,141,141.9499969482422,918486
2023-10-25T04:30:00.000Z,SAZEW,142.11000061035156,152.60000610351562,141.9600067138672,152.60000610351562,1802797
2023-10-26T04:30:00.000Z,SAZEW,151.97999572753906,162,147.49000549316406,155.3300018310547,5493196
2023-10-27T04:30:00.000Z,SAZEW,155,157.5800018310547,150.0500030517578,152.7899932861328,1698075
2023-10-30T04:30:00.000Z,SAZEW,153.89999389648438,164.25,152.5,163.3000030517578,3037157
2023-10-31T04:30:00.000Z,SAZEW,164.5,169.3000030517578,162.5500030517578,163.66000366210938,1423357
2023-11-01T04:30:00.000Z,SAZEW,164,174.8000030517578,163.5,171.66000366210938,2444463
2023-11-02T04:30:00.000Z,SAZEW,173,184.52999877929688,172.39999389648438,184.52999877929688,2358082
2023-11-03T04:30:00.000Z,SAZEW,189.39999389648438,195.99000549316406,188,192.07000732421875,2109528
2023-11-06T04:30:00.000Z,SAZEW,194,196.39999389648438,177.66000366210938,178.9499969482422,2654780
2023-11-07T04:30:00.000Z,SAZEW,178,180.64999389648438,165.52999877929688,165.74000549316406,3059371
2023-11-08T04:30:00.000Z,SAZEW,162.10000610351562,177,162.10000610351562,174.47000122070312,3166439
2023-11-09T04:30:00.000Z,SAZEW,174.47000122070312,174.47000122070312,174.47000122070312,174.47000122070312,0
2023-11-10T04:30:00.000Z,SAZEW,175.5,178.97000122070312,172.1999969482422,173.5500030517578,2226514
2023-11-13T04:30:00.000Z,SAZEW,173.9199981689453,175,168,169.00999450683594,1407831
2023-11-14T04:30:00.000Z,SAZEW,169.5,172.5,164.6999969482422,167.22000122070312,1517290
2023-11-15T04:30:00.000Z,SAZEW,170,175.72000122070312,169,170.02000427246094,1395630
2023-11-16T04:30:00.000Z,SAZEW,172.99000549316406,182.77000427246094,170.5500030517578,182.77000427246094,2338842
2023-11-17T04:30:00.000Z,SAZEW,189,191.64999389648438,180.55999755859375,182.00999450683594,3480969
2023-11-20T04:30:00.000Z,SAZEW,182.1999969482422,188.89999389648438,178.5,184.32000732421875,2051459
2023-11-21T04:30:00.000Z,SAZEW,184.99000549316406,186.5,179.60000610351562,180.30999755859375,1154270
2023-11-22T04:30:00.000Z,SAZEW,181.4499969482422,187,180.5,185.49000549316406,3264449
2023-11-23T04:30:00.000Z,SAZEW,184.74000549316406,191,183.9499969482422,187.1999969482422,3188859
2023-11-24T04:30:00.000Z,SAZEW,187.9499969482422,189.5,181,182.13999938964844,1427361
2023-11-27T04:30:00.000Z,SAZEW,181.99000549316406,185,180.60000610351562,180.80999755859375,632272
2023-11-28T04:30:00.000Z,SAZEW,182.00999450683594,186.6699981689453,179.82000732421875,180.36000061035156,983201
2023-11-29T04:30:00.000Z,SAZEW,181.00999450683594,188.47999572753906,181.00999450683594,184.58999633789062,2121920
2023-11-30T04:30:00.000Z,SAZEW,187,189,183.14999389648438,186.44000244140625,1218837
2023-12-01T04:30:00.000Z,SAZEW,187.60000610351562,200.4199981689453,185,200.4199981689453,3801878
2023-12-04T04:30:00.000Z,SAZEW,207.89999389648438,215.4499969482422,205,215.4499969482422,3422192
2023-12-05T04:30:00.000Z,SAZEW,217.69000244140625,220,211,212.0500030517578,2858984
2023-12-06T04:30:00.000Z,SAZEW,215,225,215,222.64999389648438,3101868
2023-12-07T04:30:00.000Z,SAZEW,225.5,228.97000122070312,218.00999450683594,222.39999389648438,1817026
2023-12-08T04:30:00.000Z,SAZEW,223.00999450683594,224.5,218.1999969482422,220.88999938964844,719868
2023-12-11T04:30:00.000Z,SAZEW,219.99000549316406,226,216,217.1999969482422,1379890
2023-12-12T04:30:00.000Z,SAZEW,218,218.6999969482422,212.6999969482422,213.42999267578125,1044284
2023-12-13T04:30:00.000Z,SAZEW,213,217.5,197.4199981689453,200.25,1540913
2023-12-14T04:30:00.000Z,SAZEW,198,201.10000610351562,190.5,192.27000427246094,999105
2023-12-15T04:30:00.000Z,SAZEW,192,197.47999572753906,178.25,182.32000732421875,1578428
2023-12-18T04:30:00.000Z,SAZEW,185.5,195.97999572753906,180.1999969482422,187.38999938964844,2398532
2023-12-19T04:30:00.000Z,SAZEW,185.14999389648438,193.5,173.33999633789062,181.89999389648438,1846917
2023-12-20T04:30:00.000Z,SAZEW,183.89999389648438,184,168.99000549316406,171.92999267578125,1194037
2023-12-21T04:30:00.000Z,SAZEW,172.52000427246094,184.82000732421875,170.97999572753906,183.8000030517578,1244483
2023-12-22T04:30:00.000Z,SAZEW,186,187,172,173.9199981689453,1132822
2023-12-25T04:30:00.000Z,SAZEW,173.9199981689453,173.9199981689453,173.9199981689453,173.9199981689453,0
2023-12-26T04:30:00.000Z,SAZEW,175.88999938964844,175.88999938964844,160.8800048828125,160.9600067138672,694427
2023-12-27T04:30:00.000Z,SAZEW,159.6999969482422,173.02999877929688,155.5500030517578,173.02999877929688,913469
2023-12-28T04:30:00.000Z,SAZEW,176,182.00999450683594,174.10000610351562,175.3699951171875,1491030
2023-12-29T04:30:00.000Z,SAZEW,177,184.83999633789062,175.10000610351562,177.86000061035156,1102649
2024-01-01T04:30:00.000Z,SAZEW,179.39999389648438,191,179,189.74000549316406,1070287
2024-01-02T04:30:00.000Z,SAZEW,191.5,192.5,179,181.58999633789062,638094
2024-01-03T04:30:00.000Z,SAZEW,182.49000549316406,186,181.30999755859375,182.02000427246094,623746
2024-01-04T04:30:00.000Z,SAZEW,182.99000549316406,195.6699981689453,181.91000366210938,195.6699981689453,1911273
2024-01-05T04:30:00.000Z,SAZEW,204.42999267578125,210.35000610351562,201.5,210.35000610351562,698792
2024-01-08T04:30:00.000Z,SAZEW,218.44000244140625,218.44000244140625,195.60000610351562,200.66000366210938,2824698
2024-01-09T04:30:00.000Z,SAZEW,199.10000610351562,215.7100067138672,199.10000610351562,215.7100067138672,2045005
2024-01-10T04:30:00.000Z,SAZEW,231.8800048828125,231.8800048828125,210.5500030517578,219.02000427246094,6188919
2024-01-11T04:30:00.000Z,SAZEW,217,217.9499969482422,209.02000427246094,211.07000732421875,1631025
2024-01-12T04:30:00.000Z,SAZEW,211,215.64999389648438,199,203.49000549316406,1717420
2024-01-15T04:30:00.000Z,SAZEW,203.5,211,203,204.4199981689453,1525920
2024-01-16T04:30:00.000Z,SAZEW,192.14999389648438,210,192.14999389648438,205.27000427246094,1584222
2024-01-17T04:30:00.000Z,SAZEW,203,209.6999969482422,201,203.8800048828125,1274623
2024-01-18T04:30:00.000Z,SAZEW,205,206.72000122070312,197,199.91000366210938,1093084
2024-01-19T04:30:00.000Z,SAZEW,201,211.75,200.89999389648438,208.6999969482422,2689932
2024-01-22T04:30:00.000Z,SAZEW,207.8699951171875,209,201.02999877929688,202.16000366210938,1439135
2024-01-23T04:30:00.000Z,SAZEW,202.88999938964844,209.99000549316406,199.52000427246094,207.6199951171875,1814900
2024-01-24T04:30:00.000Z,SAZEW,206.00999450683594,223,205.5,215.49000549316406,4206048
2024-01-25T04:30:00.000Z,SAZEW,215.8800048828125,220.75,209,210.86000061035156,1684954
2024-01-26T04:30:00.000Z,SAZEW,209.99000549316406,213.5,204,206.1300048828125,1056665
2024-01-29T04:30:00.000Z,SAZEW,207.6999969482422,213,203,203.8300018310547,1093014
2024-01-30T04:30:00.000Z,SAZEW,204.8800048828125,208.5,196,197.7100067138672,748813
2024-01-31T04:30:00.000Z,SAZEW,200,212.5399932861328,195.6999969482422,211.19000244140625,3640324
2024-02-01T04:30:00.000Z,SAZEW,212,215.47999572753906,208,208.72000122070312,1387258
2024-02-02T04:30:00.000Z,SAZEW,209.89999389648438,213.88999938964844,206,210.24000549316406,919697
2024-02-06T04:30:00.000Z,SAZEW,211,212.99000549316406,208.3000030517578,210.85000610351562,624966
2024-02-07T04:30:00.000Z,SAZEW,211.0500030517578,222.25,211.0500030517578,218.19000244140625,2334355
2024-02-08T04:30:00.000Z,SAZEW,218.19000244140625,218.19000244140625,218.19000244140625,218.19000244140625,0
2024-02-09T04:30:00.000Z,SAZEW,211,216.6999969482422,204.16000366210938,212.2899932861328,1110651
2024-02-12T04:30:00.000Z,SAZEW,211.0500030517578,222.75,206.3000030517578,216.75999450683594,3440437
2024-02-13T04:30:00.000Z,SAZEW,216,233.02000427246094,212.3000030517578,233.02000427246094,2520418
2024-02-14T04:30:00.000Z,SAZEW,241.02999877929688,250.5,241.02999877929688,250.5,1737008
2024-02-15T04:30:00.000Z,SAZEW,258,269,252,261.760009765625,3714079
2024-02-16T04:30:00.000Z,SAZEW,259,266,242.1300048828125,244.27999877929688,2122131
2024-02-19T04:30:00.000Z,SAZEW,237.0500030517578,262.6000061035156,237.0500030517578,260.8500061035156,2642171
2024-02-20T04:30:00.000Z,SAZEW,263.5,277.5,262.2099914550781,266.05999755859375,3544437
2024-02-21T04:30:00.000Z,SAZEW,274.70001220703125,286.010009765625,267.5,286.010009765625,2667222
2024-02-22T04:30:00.000Z,SAZEW,295,307.4599914550781,295,307.4599914550781,791525
2024-02-23T04:30:00.000Z,SAZEW,317.1700134277344,330.5199890136719,312,328.1099853515625,4966877
2024-02-26T04:30:00.000Z,SAZEW,329.94000244140625,352.7200012207031,318.5,352.7200012207031,3264132
2024-02-27T04:30:00.000Z,SAZEW,359.1000061035156,373.739990234375,353.6700134277344,361.3900146484375,3084527
2024-02-28T04:30:00.000Z,SAZEW,363.5,371.5,355.04998779296875,363.0899963378906,1658417
2024-02-29T04:30:00.000Z,SAZEW,366.8999938964844,370.8999938964844,359.5,361.6000061035156,981219
2024-03-01T04:30:00.000Z,SAZEW,361.6499938964844,367.5,357.57000732421875,362.3699951171875,980817
2024-03-04T04:30:00.000Z,SAZEW,364.3999938964844,365.6600036621094,350.1000061035156,352.7300109863281,887642
2024-03-05T04:30:00.000Z,SAZEW,351.04998779296875,379.17999267578125,347,379.17999267578125,4239072
2024-03-06T04:30:00.000Z,SAZEW,383.3299865722656,391.8999938964844,380.1000061035156,382.9100036621094,1857515
2024-03-07T04:30:00.000Z,SAZEW,382,411.6300048828125,370.1000061035156,411.6300048828125,3647663
2024-03-08T04:30:00.000Z,SAZEW,417.9800109863281,441.989990234375,410.0199890136719,434.4100036621094,3303337
2024-03-11T04:30:00.000Z,SAZEW,429,449,420.010009765625,432.8599853515625,2534951
2024-03-12T04:30:00.000Z,SAZEW,433,435,400.3999938964844,401.1499938964844,1638022
2024-03-13T04:30:00.000Z,SAZEW,399.989990234375,409,371.05999755859375,371.55999755859375,2013577
2024-03-14T04:30:00.000Z,SAZEW,366,399.42999267578125,366,399.42999267578125,2396882
2024-03-15T04:30:00.000Z,SAZEW,408.8999938964844,424,406.5,413.45001220703125,2363481
2024-03-18T04:30:00.000Z,SAZEW,414,420.79998779296875,385,397.80999755859375,2389513
2024-03-19T04:30:00.000Z,SAZEW,398,416.75,395,408.4800109863281,1982284
2024-03-20T04:30:00.000Z,SAZEW,411.44000244140625,423,408,411.69000244140625,1676974
2024-03-21T04:30:00.000Z,SAZEW,414.489990234375,420,390.1099853515625,394.7799987792969,1461957
2024-03-22T04:30:00.000Z,SAZEW,394,403,386.04998779296875,395.67999267578125,1027962
2024-03-26T04:30:00.000Z,SAZEW,393.7699890136719,403,379.0199890136719,398.20001220703125,1683571
2024-03-27T04:30:00.000Z,SAZEW,400,403,388,391.6700134277344,669844
2024-03-28T04:30:00.000Z,SAZEW,393,399.6000061035156,390,393.8599853515625,736784
2024-03-29T04:30:00.000Z,SAZEW,395,396.32000732421875,384,388.30999755859375,608189
2024-04-01T04:30:00.000Z,SAZEW,398,417.42999267578125,396,415.1000061035156,2006452
2024-04-02T04:30:00.000Z,SAZEW,425,446.2300109863281,420.1099853515625,437.5299987792969,4140455
2024-04-03T04:30:00.000Z,SAZEW,439.70001220703125,441.45001220703125,424,427.69000244140625,1671998
2024-04-04T04:30:00.000Z,SAZEW,429.5,439.69000244140625,421.04998779296875,436.32000732421875,1829615
2024-04-08T04:30:00.000Z,SAZEW,440,469.0400085449219,438.0299987792969,469.0400085449219,2404802
2024-04-09T04:30:00.000Z,SAZEW,490.489990234375,497.9700012207031,451.5,470.2699890136719,2979884
2024-04-15T04:30:00.000Z,SAZEW,466.989990234375,499.989990234375,461,493.4599914550781,2263499
2024-04-16T04:30:00.000Z,SAZEW,490,505,482.1099853515625,489.3599853515625,2202790
2024-04-17T04:30:00.000Z,SAZEW,488,496,484.0299987792969,487.1700134277344,1126363
2024-04-18T04:30:00.000Z,SAZEW,496.1300048828125,521.9500122070312,493,516.3400268554688,2755625
2024-04-19T04:30:00.000Z,SAZEW,555.0700073242188,555.0700073242188,555.0700073242188,555.0700073242188,360848
2024-04-22T04:30:00.000Z,SAZEW,596.7000122070312,596.7000122070312,557,596.7000122070312,992604
2024-04-23T04:30:00.000Z,SAZEW,614.969970703125,640,600,626.1500244140625,2733308
2024-04-24T04:30:00.000Z,SAZEW,635,640,616.0999755859375,620.5800170898438,1178108
2024-04-25T04:30:00.000Z,SAZEW,622,642.47998046875,610.0999755859375,633.9299926757812,1704189
2024-04-26T04:30:00.000Z,SAZEW,636,681.469970703125,627.4299926757812,671.4500122070312,1802567
2024-04-29T04:30:00.000Z,SAZEW,679.9000244140625,713,667.02001953125,694.780029296875,2330044
2024-04-30T04:30:00.000Z,SAZEW,705,724.9600219726562,685,698.1799926757812,1693019
2024-05-02T04:30:00.000Z,SAZEW,705.0999755859375,709.9000244140625,690,700.4500122070312,1101809
2024-05-03T04:30:00.000Z,SAZEW,703,752.97998046875,700.530029296875,748.5499877929688,2592020
2024-05-06T04:30:00.000Z,SAZEW,757.9000244140625,782.5,755.27001953125,767.5700073242188,1826605
2024-05-07T04:30:00.000Z,SAZEW,773,773,745.010009765625,752.9000244140625,1206487
2024-05-08T04:30:00.000Z,SAZEW,754.989990234375,755,696.4299926757812,731.0999755859375,2942922
2024-05-09T04:30:00.000Z,SAZEW,730,764.7999877929688,700,704.9500122070312,3818731
2024-05-10T04:30:00.000Z,SAZEW,695,708,655.0599975585938,686.8400268554688,1954687
2024-05-13T04:30:00.000Z,SAZEW,684.9000244140625,702,665.0499877929688,688.6300048828125,1912580
2024-05-14T04:30:00.000Z,SAZEW,692.72998046875,705,681.489990234375,694.510009765625,1018609
2024-05-15T04:30:00.000Z,SAZEW,700,744,692.02001953125,733.9600219726562,2934564
2024-05-16T04:30:00.000Z,SAZEW,730,739.739990234375,703,708.530029296875,1318622
2024-05-17T04:30:00.000Z,SAZEW,702.010009765625,722,701,704.8200073242188,735676
2024-05-20T04:30:00.000Z,SAZEW,703.5,724,685,716.8300170898438,1132811
2024-05-21T04:30:00.000Z,SAZEW,725,743,712,738.219970703125,1767399
2024-05-22T04:30:00.000Z,SAZEW,741.97998046875,747,701,712.1099853515625,1488849
2024-05-23T04:30:00.000Z,SAZEW,702.0999755859375,723,702.0999755859375,717.3200073242188,918519
2024-05-24T04:30:00.000Z,SAZEW,723,734.9000244140625,719,722.4099731445312,1001888
2024-05-27T04:30:00.000Z,SAZEW,724.1500244140625,726.9000244140625,715,716.780029296875,1116843
2024-05-28T04:30:00.000Z,SAZEW,716.780029296875,716.780029296875,716.780029296875,716.780029296875,0
2024-05-29T04:30:00.000Z,SAZEW,717.989990234375,732,711.5,718.8900146484375,766531
2024-05-30T04:30:00.000Z,SAZEW,721,732,719.510009765625,727.9099731445312,761792
2024-05-31T04:30:00.000Z,SAZEW,730.010009765625,786.1400146484375,730.010009765625,786.1400146484375,2180068
2024-06-03T04:30:00.000Z,SAZEW,799.969970703125,837,798,820.4500122070312,1776196
2024-06-04T04:30:00.000Z,SAZEW,823.9000244140625,827.7999877929688,806,812.260009765625,921278
2024-06-05T04:30:00.000Z,SAZEW,817,863,816,840.2100219726562,1847825
2024-06-06T04:30:00.000Z,SAZEW,842,855,772.989990234375,787.489990234375,1496436
2024-06-07T04:30:00.000Z,SAZEW,767.989990234375,835,732.3499755859375,803.1099853515625,2659224
2024-06-10T04:30:00.000Z,SAZEW,809.9000244140625,838.5,785.25,812.219970703125,1904775
2024-06-11T04:30:00.000Z,SAZEW,826,834.9000244140625,765,782.3400268554688,1868077
2024-06-12T04:30:00.000Z,SAZEW,788.97998046875,793.97998046875,770.02001953125,785.9199829101562,944663
2024-06-13T04:30:00.000Z,SAZEW,808,852.719970703125,805,852.719970703125,2091412
2024-06-14T04:30:00.000Z,SAZEW,860,865,794,802.0599975585938,2371994
2024-06-20T04:30:00.000Z,SAZEW,802.0999755859375,824.97998046875,802.0999755859375,816.9000244140625,851092
2024-06-21T04:30:00.000Z,SAZEW,819.9000244140625,830,800,817.510009765625,1265995
2024-06-24T04:30:00.000Z,SAZEW,819.9000244140625,820.5,805.030029296875,810.5599975585938,444932
2024-06-25T04:30:00.000Z,SAZEW,812.9000244140625,825,806.010009765625,820.3400268554688,787138
2024-06-26T04:30:00.000Z,SAZEW,835,863.989990234375,833,838.5700073242188,1534169
2024-06-27T04:30:00.000Z,SAZEW,848.8900146484375,848.8900146484375,824,831.6300048828125,418710
2024-06-28T04:30:00.000Z,SAZEW,830.010009765625,843.8900146484375,825.010009765625,832.4600219726562,535074
2024-07-01T04:30:00.000Z,SAZEW,839,839,827.0499877929688,830.760009765625,407797
2024-07-02T04:30:00.000Z,SAZEW,833.9000244140625,838,828.5900268554688,831.5,337473
2024-07-03T04:30:00.000Z,SAZEW,832,850,826.1500244140625,843.219970703125,827920
2024-07-04T04:30:00.000Z,SAZEW,850,858.989990234375,845,849.75,841075
2024-07-05T04:30:00.000Z,SAZEW,859,926.22998046875,843,914.9099731445312,2393128
2024-07-08T04:30:00.000Z,SAZEW,979.780029296875,1001.8300170898438,945,998.8900146484375,1305435
2024-07-09T04:30:00.000Z,SAZEW,1010,1093.780029296875,1003.1099853515625,1093.780029296875,1864393
2024-07-10T04:30:00.000Z,SAZEW,1139.989990234375,1194.800048828125,1030,1134.4200439453125,3094488
2024-07-11T04:30:00.000Z,SAZEW,1138,1153,1109,1125.3299560546875,843919
2024-07-12T04:30:00.000Z,SAZEW,1122,1128.989990234375,1063.030029296875,1108.47998046875,938610
2024-07-15T04:30:00.000Z,SAZEW,1135,1153,1115.2099609375,1130.8699951171875,637697
2024-07-16T04:30:00.000Z,SAZEW,1130.8699951171875,1130.8699951171875,1130.8699951171875,1130.8699951171875,0
2024-07-17T04:30:00.000Z,SAZEW,1130.8699951171875,1130.8699951171875,1130.8699951171875,1130.8699951171875,0
2024-07-18T04:30:00.000Z,SAZEW,1135,1140,1120,1131.22998046875,348456
2024-07-19T04:30:00.000Z,SAZEW,1134.010009765625,1182,1112,1121.9000244140625,1543244
2024-07-22T04:30:00.000Z,SAZEW,1111.1600341796875,1139.989990234375,1090,1116.5699462890625,741833
2024-07-23T04:30:00.000Z,SAZEW,1120,1155,1091,1117.6600341796875,937198
2024-07-24T04:30:00.000Z,SAZEW,1117,1128,1102,1105.050048828125,327568
2024-07-25T04:30:00.000Z,SAZEW,1106.1600341796875,1119,1075.050048828125,1081.31005859375,463655
2024-07-26T04:30:00.000Z,SAZEW,1050.0999755859375,1079,1031,1043.280029296875,641532
2024-07-29T04:30:00.000Z,SAZEW,1050,1147.6099853515625,1032.06005859375,1147.6099853515625,1352159
2024-07-30T04:30:00.000Z,SAZEW,1158,1163.989990234375,1108,1111.9300537109375,735918
2024-07-31T04:30:00.000Z,SAZEW,1108.010009765625,1108.010009765625,1052.5,1062.969970703125,459663
2024-08-01T04:30:00.000Z,SAZEW,1060,1114,1060,1102.43994140625,777877
2024-08-02T04:30:00.000Z,SAZEW,1115,1132.43994140625,1104.050048828125,1119.8499755859375,544057
2024-08-05T04:30:00.000Z,SAZEW,1127.989990234375,1127.989990234375,1053.010009765625,1070.5899658203125,732473
2024-08-06T04:30:00.000Z,SAZEW,1075,1093.969970703125,1059,1076.0699462890625,517513
2024-08-07T04:30:00.000Z,SAZEW,1066.0999755859375,1129.989990234375,1066.0999755859375,1106.489990234375,930540
2024-08-08T04:30:00.000Z,SAZEW,1114.800048828125,1143,1107.0999755859375,1129.4300537109375,678311
2024-08-09T04:30:00.000Z,SAZEW,1135,1202,1134,1169.4100341796875,1538384
2024-08-12T04:30:00.000Z,SAZEW,1179.989990234375,1185,1085,1098.8299560546875,1197958
2024-08-13T04:30:00.000Z,SAZEW,1100.050048828125,1135,1066,1116.469970703125,1136978
2024-08-15T04:30:00.000Z,SAZEW,1105,1116.9000244140625,1082,1085.3900146484375,451491
2024-08-16T04:30:00.000Z,SAZEW,1090,1097.9000244140625,990,1028.5699462890625,898476
2024-08-19T04:30:00.000Z,SAZEW,1020,1039.9000244140625,1003,1026.969970703125,402826
2024-08-20T04:30:00.000Z,SAZEW,1031,1032,999,1007.72998046875,116487
2024-08-21T04:30:00.000Z,SAZEW,1000.030029296875,1058,991,1037.6600341796875,359270
2024-08-22T04:30:00.000Z,SAZEW,1048,1057.9000244140625,1013,1021.3099975585938,232866
2024-08-23T04:30:00.000Z,SAZEW,1013,1040,1012,1016.9500122070312,163187
2024-08-26T04:30:00.000Z,SAZEW,1017,1030,999,1009.989990234375,227098
2024-08-27T04:30:00.000Z,SAZEW,1005,1039.9000244140625,1005,1027.2099609375,281159
2024-08-28T04:30:00.000Z,SAZEW,1029,1033,1002,1005.5900268554688,200729
2024-08-29T04:30:00.000Z,SAZEW,1010,1020,1002,1011.5900268554688,316996
2024-08-30T04:30:00.000Z,SAZEW,1011.5900268554688,1035,1007,1010.739990234375,320010
2024-09-02T04:30:00.000Z,SAZEW,1013,1020,960.0999755859375,968.760009765625,329405
2024-09-03T04:30:00.000Z,SAZEW,970,970,940.0599975585938,952.6199951171875,288929
2024-09-04T04:30:00.000Z,SAZEW,955,974.969970703125,955,958.510009765625,138817
2024-09-05T04:30:00.000Z,SAZEW,965,1044,936,1010.22998046875,764847
2024-09-06T04:30:00.000Z,SAZEW,1050,1066,1019,1024.97998046875,581348
2024-09-09T04:30:00.000Z,SAZEW,1010.5499877929688,1023.75,975.0499877929688,982.4099731445312,289946
2024-09-10T04:30:00.000Z,SAZEW,982.4099731445312,990,961.0999755859375,973.52001953125,198044
2024-09-11T04:30:00.000Z,SAZEW,971,990,965,971.02001953125,230438
2024-09-12T04:30:00.000Z,SAZEW,970.010009765625,978,961.1099853515625,972.0499877929688,135324
2024-09-13T04:30:00.000Z,SAZEW,1000,1019,964,976.6500244140625,495631
2024-09-16T04:30:00.000Z,SAZEW,974.989990234375,974.989990234375,952.6199951171875,961,177596
2024-09-17T04:30:00.000Z,SAZEW,961,961,961,961,0
2024-09-18T04:30:00.000Z,SAZEW,962,978,955,968.5700073242188,218790
2024-09-19T04:30:00.000Z,SAZEW,969.5,999,963,985.5900268554688,646042
2024-09-20T04:30:00.000Z,SAZEW,987,1024.989990234375,986.25,1019.6300048828125,571719
2024-09-23T04:30:00.000Z,SAZEW,1039.8699951171875,1045,963,973.75,793207
2024-09-24T04:30:00.000Z,SAZEW,973.75,1009.6900024414062,960,998.77001953125,581197
2024-09-25T04:30:00.000Z,SAZEW,1007.97998046875,1030,1007,1021.0999755859375,398841
2024-09-26T04:30:00.000Z,SAZEW,1044.43994140625,1044.43994140625,990.0800170898438,1000.2899780273438,205143
2024-09-27T04:30:00.000Z,SAZEW,1008.8900146484375,1016,991,995.1500244140625,282368
2024-09-30T04:30:00.000Z,SAZEW,990.010009765625,997.97998046875,960,962.5900268554688,253460
2024-10-01T04:30:00.000Z,SAZEW,966.8900146484375,991.969970703125,962,988.8400268554688,307231
2024-10-02T04:30:00.000Z,SAZEW,976,990,966,968.6599731445312,225414
2024-10-03T04:30:00.000Z,SAZEW,980,988.4400024414062,969,972.3800048828125,200890
2024-10-04T04:30:00.000Z,SAZEW,974.5700073242188,984,969,970.4000244140625,203682
2024-10-07T04:30:00.000Z,SAZEW,979,980,966,978.219970703125,137581
2024-10-08T04:30:00.000Z,SAZEW,979,1005.719970703125,977,980.3699951171875,408991
2024-10-09T04:30:00.000Z,SAZEW,980.3699951171875,980.3699951171875,980.3699951171875,980.3699951171875,0
2024-10-10T04:30:00.000Z,SAZEW,980,984.97998046875,971,972.25,130801
2024-10-11T04:30:00.000Z,SAZEW,973,989,957.2100219726562,960.9299926757812,197703
2024-10-14T04:30:00.000Z,SAZEW,960.9299926757812,962,930.1599731445312,942.1199951171875,318884
2024-10-15T04:30:00.000Z,SAZEW,944.989990234375,969,934.7999877929688,957.4099731445312,245886
2024-10-16T04:30:00.000Z,SAZEW,960,988,960,972.6599731445312,464790
2024-10-17T04:30:00.000Z,SAZEW,972.6599731445312,975,945,950.2100219726562,299826
2024-10-18T04:30:00.000Z,SAZEW,950.2100219726562,968.7000122070312,935.3499755859375,956.280029296875,540332
2024-10-21T04:30:00.000Z,SAZEW,957,1003,950,992.47998046875,946668
2024-10-22T04:30:00.000Z,SAZEW,1009.9000244140625,1042,1001,1023.3400268554688,812421
2024-10-23T04:30:00.000Z,SAZEW,1027,1032.3199462890625,1001.010009765625,1004.2899780273438,325456
2024-10-24T04:30:00.000Z,SAZEW,1005,1025.75,995.2000122070312,1006.5900268554688,424988
2024-10-25T04:30:00.000Z,SAZEW,1008.989990234375,1024,982,986.8499755859375,454245
2024-10-28T04:30:00.000Z,SAZEW,1046.0999755859375,1060,1006,1014.5599975585938,1465433
2024-10-29T04:30:00.000Z,SAZEW,1021,1025,989,992.5599975585938,398855
2024-10-30T04:30:00.000Z,SAZEW,995.5,1011,992,1008.0399780273438,337823
2024-10-31T04:30:00.000Z,SAZEW,1011,1061,1011,1045.1400146484375,2064945
2024-11-01T04:30:00.000Z,SAZEW,1057,1060.800048828125,1034,1049.5999755859375,575005
2024-11-04T04:30:00.000Z,SAZEW,1059.8499755859375,1060,1040,1042.3399658203125,270919
2024-11-05T04:30:00.000Z,SAZEW,1032,1105,1032,1081.3900146484375,1019621
2024-11-06T04:30:00.000Z,SAZEW,1100,1128.9000244140625,1095,1120.6400146484375,1466578
2024-11-07T04:30:00.000Z,SAZEW,1125,1135,1111.5,1125.75,606323
2024-11-08T04:30:00.000Z,SAZEW,1129.8399658203125,1130,1115,1116.4599609375,298845
2024-11-11T04:30:00.000Z,SAZEW,1117.050048828125,1125.3299560546875,1085,1091,404654
2024-11-12T04:30:00.000Z,SAZEW,1069,1095,1069,1078.280029296875,221330
2024-11-13T04:30:00.000Z,SAZEW,1077,1094.6500244140625,1068,1077.8499755859375,258755
2024-11-14T04:30:00.000Z,SAZEW,1080,1127,1072,1081.7900390625,1063126
2024-11-15T04:30:00.000Z,SAZEW,1082.0999755859375,1090,1069,1073.300048828125,244948
2024-11-18T04:30:00.000Z,SAZEW,1071,1088,1063.1500244140625,1070.030029296875,218228
2024-11-19T04:30:00.000Z,SAZEW,1072,1082,1066,1069.7900390625,224233
2024-11-20T04:30:00.000Z,SAZEW,1063,1079.989990234375,1053,1056.800048828125,285135
2024-11-21T04:30:00.000Z,SAZEW,1055,1075,1053,1058.2099609375,307816
2024-11-22T04:30:00.000Z,SAZEW,1100,1115,1040,1054.27001953125,666437
2024-11-25T04:30:00.000Z,SAZEW,1079.949951171875,1079.949951171875,1046,1049.8699951171875,272967
2024-11-26T04:30:00.000Z,SAZEW,1055,1055,962.3599853515625,977.4500122070312,493112
2024-11-27T04:30:00.000Z,SAZEW,1000.0499877929688,1040,995,999.4600219726562,522343
2024-11-28T04:30:00.000Z,SAZEW,1005.989990234375,1012,987,999.0599975585938,425880
2024-11-29T04:30:00.000Z,SAZEW,1000.0499877929688,1011,993,1004.489990234375,373918
2024-12-02T04:30:00.000Z,SAZEW,1006.989990234375,1037.5,1005.030029296875,1033.780029296875,563202
2024-12-03T04:30:00.000Z,SAZEW,1040,1040,1021,1025.9599609375,245686
2024-12-04T04:30:00.000Z,SAZEW,1029.4300537109375,1035,1026,1030.47998046875,191847
2024-12-05T04:30:00.000Z,SAZEW,1030,1055,1026.010009765625,1046.1199951171875,429700
2024-12-06T04:30:00.000Z,SAZEW,1045,1067.989990234375,1038,1061.3900146484375,339458
2024-12-09T04:30:00.000Z,SAZEW,1069.699951171875,1165,1061.3900146484375,1156.4000244140625,1471001
2024-12-10T04:30:00.000Z,SAZEW,1174.9000244140625,1272.0400390625,1050,1092.77001953125,3273523
2024-12-11T04:30:00.000Z,SAZEW,1093.9000244140625,1118.989990234375,1090,1101.6099853515625,397041
2024-12-12T04:30:00.000Z,SAZEW,1100,1107,1081.3299560546875,1097.02001953125,511400
2024-12-13T04:30:00.000Z,SAZEW,1085,1110,1065,1103.050048828125,444144
2024-12-16T04:30:00.000Z,SAZEW,1120,1200,1102.5,1172.5799560546875,1057004
2024-12-17T04:30:00.000Z,SAZEW,1172.5799560546875,1240,1150.02001953125,1171.739990234375,658474
2024-12-18T04:30:00.000Z,SAZEW,1170,1218.68994140625,1090,1112.489990234375,444012
2024-12-19T04:30:00.000Z,SAZEW,1105,1139.989990234375,1050,1074.469970703125,373498
2024-12-20T04:30:00.000Z,SAZEW,1076,1108,1070.010009765625,1081.5400390625,299629
2024-12-23T04:30:00.000Z,SAZEW,1091,1148.219970703125,1089,1119.81005859375,485036
2024-12-24T04:30:00.000Z,SAZEW,1126,1134.969970703125,1100,1119.469970703125,290645
2024-12-26T04:30:00.000Z,SAZEW,1120,1182,1112,1122.5400390625,546107
2024-12-27T04:30:00.000Z,SAZEW,1128,1140,1110.02001953125,1118.3499755859375,268386
2024-12-30T04:30:00.000Z,SAZEW,1121,1140,1112,1129.989990234375,248035
2024-12-31T04:30:00.000Z,SAZEW,1140,1142,1115,1118.3800048828125,154097
2025-01-01T04:30:00.000Z,SAZEW,1118.3800048828125,1118.3800048828125,1118.3800048828125,1118.3800048828125,0
2025-01-02T04:30:00.000Z,SAZEW,1131.6700439453125,1134.989990234375,1087,1102.3299560546875,337567
2025-01-03T04:30:00.000Z,SAZEW,1105,1109.739990234375,1080,1100.1600341796875,140515
2025-01-06T04:30:00.000Z,SAZEW,1104.9000244140625,1104.9000244140625,1085,1088.2099609375,147890
2025-01-07T04:30:00.000Z,SAZEW,1090,1125,1070,1112.8199462890625,437947
2025-01-08T04:30:00.000Z,SAZEW,1116,1130,1080,1090.27001953125,134909
2025-01-09T04:30:00.000Z,SAZEW,1090,1111,1090,1098.5400390625,161377
2025-01-10T04:30:00.000Z,SAZEW,1101.989990234375,1111.989990234375,1060,1074.6199951171875,220240
2025-01-13T04:30:00.000Z,SAZEW,1080,1091,1078.010009765625,1082.219970703125,138861
2025-01-14T04:30:00.000Z,SAZEW,1083.050048828125,1111,1078,1099.1300048828125,141022
2025-01-15T04:30:00.000Z,SAZEW,1096.010009765625,1117,1086,1091.22998046875,159499
2025-01-16T04:30:00.000Z,SAZEW,1099.800048828125,1099.800048828125,1070.8499755859375,1077.8499755859375,132117
2025-01-17T04:30:00.000Z,SAZEW,1078,1095,1076,1081.739990234375,141911
2025-01-20T04:30:00.000Z,SAZEW,1085,1092.9000244140625,1059.02001953125,1061.719970703125,239851
2025-01-21T04:30:00.000Z,SAZEW,1061.719970703125,1069.1099853515625,1023,1028.3399658203125,262590
2025-01-22T04:30:00.000Z,SAZEW,1028,1043.800048828125,990,994.3900146484375,395146
2025-01-23T04:30:00.000Z,SAZEW,994.3900146484375,1008,990,1005.47998046875,157434
2025-01-24T04:30:00.000Z,SAZEW,1009.989990234375,1020,977.010009765625,991.72998046875,399946
2025-01-27T04:30:00.000Z,SAZEW,997.989990234375,997.989990234375,965,969.3599853515625,153380
2025-01-28T04:30:00.000Z,SAZEW,971,975.97998046875,947,959.1400146484375,365856
2025-01-29T04:30:00.000Z,SAZEW,959.1400146484375,977,950,952.3499755859375,118511
2025-01-30T04:30:00.000Z,SAZEW,959.989990234375,969.8900146484375,955,965.7899780273438,96388
2025-01-31T04:30:00.000Z,SAZEW,976,1035.989990234375,965.010009765625,1023.760009765625,624711
2025-02-03T04:30:00.000Z,SAZEW,1030.050048828125,1071.1199951171875,1017,1062.949951171875,686594
2025-02-04T04:30:00.000Z,SAZEW,1075,1169.25,1061.25,1140.9599609375,2715829
2025-02-06T04:30:00.000Z,SAZEW,1145,1154.9000244140625,1088,1094.3599853515625,833743
2025-02-07T04:30:00.000Z,SAZEW,1099.489990234375,1120,1089.989990234375,1105.6800537109375,277483
2025-02-10T04:30:00.000Z,SAZEW,1115,1129.93994140625,1100.5,1122.0999755859375,272242
2025-02-11T04:30:00.000Z,SAZEW,1129.989990234375,1159,1105.1500244140625,1133.97998046875,730640
2025-02-12T04:30:00.000Z,SAZEW,1130,1175,1119,1159.6700439453125,447729
2025-02-13T04:30:00.000Z,SAZEW,1159.6800537109375,1200,1155,1172.8900146484375,581309
2025-02-14T04:30:00.000Z,SAZEW,1188,1189.97998046875,1133,1144.3900146484375,314330
2025-02-17T04:30:00.000Z,SAZEW,1144.3900146484375,1169,1075.219970703125,1090.469970703125,317157
2025-02-18T04:30:00.000Z,SAZEW,1099.949951171875,1108.989990234375,1077.010009765625,1100.239990234375,168773
2025-02-19T04:30:00.000Z,SAZEW,1110,1115,1100,1103.5999755859375,77427
2025-02-20T04:30:00.000Z,SAZEW,1105.47998046875,1120,1095,1099.719970703125,62959
2025-02-21T04:30:00.000Z,SAZEW,1101.5899658203125,1109,1088,1090.6700439453125,129580
2025-02-24T04:30:00.000Z,SAZEW,1095,1122.989990234375,1060,1083.9599609375,273342
2025-02-25T04:30:00.000Z,SAZEW,1087,1111,1087,1099.3800048828125,299323
2025-02-26T04:30:00.000Z,SAZEW,1096.25,1110,1095,1096.780029296875,117207
2025-02-27T04:30:00.000Z,SAZEW,1098,1110,1084,1086.9300537109375,164524
2025-02-28T04:30:00.000Z,SAZEW,1077.5,1093.989990234375,1070,1075.699951171875,132339
2025-03-03T04:30:00.000Z,SAZEW,1078,1078,1050.010009765625,1058.1600341796875,78176
2025-03-04T04:30:00.000Z,SAZEW,1061.0799560546875,1068,1045.0999755859375,1063.5,60848
2025-03-05T04:30:00.000Z,SAZEW,1070.010009765625,1073,1051.5,1055,108605
2025-03-06T04:30:00.000Z,SAZEW,1051,1060,1047,1055.3199462890625,182642
2025-03-07T04:30:00.000Z,SAZEW,1055,1066.6500244140625,1052,1064,45711
2025-03-10T04:30:00.000Z,SAZEW,1070,1128,1070,1091.3599853515625,432783
2025-03-11T04:30:00.000Z,SAZEW,1095,1112,1085.010009765625,1090.780029296875,66170
2025-03-12T04:30:00.000Z,SAZEW,1092,1093.469970703125,1080,1085.0799560546875,43575
2025-03-13T04:30:00.000Z,SAZEW,1072,1095,1072,1087.8499755859375,35776
2025-03-14T04:30:00.000Z,SAZEW,1094,1102,1086,1088.800048828125,41577
2025-03-17T04:30:00.000Z,SAZEW,1095,1104.97998046875,1078,1083.510009765625,211097
2025-03-18T04:30:00.000Z,SAZEW,1089.989990234375,1094.68994140625,1078,1083.8599853515625,74308
2025-03-19T04:30:00.000Z,SAZEW,1089.989990234375,1120,1083.9000244140625,1108.27001953125,277931
2025-03-20T04:30:00.000Z,SAZEW,1108,1115,1095,1106.5699462890625,120906
2025-03-21T04:30:00.000Z,SAZEW,1107.4599609375,1107.4599609375,1094,1096,118073
2025-03-24T04:30:00.000Z,SAZEW,1100,1100,1070,1075.8900146484375,87808
2025-03-25T04:30:00.000Z,SAZEW,1078,1090,1074,1077.06005859375,38639
2025-03-26T04:30:00.000Z,SAZEW,1089,1094.489990234375,1079,1087.6800537109375,63455
2025-03-27T04:30:00.000Z,SAZEW,1089.989990234375,1093,1075,1076.6199951171875,104090
2025-03-28T04:30:00.000Z,SAZEW,1076.6199951171875,1076.6199951171875,1076.6199951171875,1076.6199951171875,0
2025-03-31T04:30:00.000Z,SAZEW,1076.6199951171875,1076.6199951171875,1076.6199951171875,1076.6199951171875,0
2025-04-03T04:30:00.000Z,SAZEW,1076,1099.7900390625,1076,1092.5400390625,80725
2025-04-04T04:30:00.000Z,SAZEW,1093,1094.5,1082,1086.6300048828125,60665
2025-04-07T04:30:00.000Z,SAZEW,1084,1084,1000,1044.5400390625,207401
2025-04-08T04:30:00.000Z,SAZEW,1054.800048828125,1110,1053.989990234375,1086.010009765625,264170
2025-04-09T04:30:00.000Z,SAZEW,1080,1122.5999755859375,1065,1100.7900390625,430099
2025-04-10T04:30:00.000Z,SAZEW,1130,1177,1116.02001953125,1149.8800048828125,945085
2025-04-11T04:30:00.000Z,SAZEW,1160,1160,1134,1143,217766
2025-04-14T04:30:00.000Z,SAZEW,1160,1196,1151.5,1186.5799560546875,655534
2025-04-15T04:30:00.000Z,SAZEW,1204.0999755859375,1225,1187.02001953125,1191.800048828125,535962
2025-04-16T04:30:00.000Z,SAZEW,1199,1199.969970703125,1162,1169.780029296875,274429
2025-04-17T04:30:00.000Z,SAZEW,1185,1242,1164,1232.219970703125,928143
2025-04-18T04:30:00.000Z,SAZEW,1260,1334,1242.25,1316.3399658203125,1934366
2025-04-21T04:30:00.000Z,SAZEW,1325,1375,1325,1352.27001953125,1102935
2025-04-22T04:30:00.000Z,SAZEW,1355,1401,1355,1370.4100341796875,630286
2025-04-23T04:30:00.000Z,SAZEW,1379.989990234375,1381.97998046875,1322,1329.9000244140625,490298
2025-04-24T04:30:00.000Z,SAZEW,1276,1319,1276,1304.22998046875,355282
2025-04-25T04:30:00.000Z,SAZEW,1300.02001953125,1380.43994140625,1300.02001953125,1359.989990234375,720501
2025-04-28T04:30:00.000Z,SAZEW,1377.8599853515625,1385.25,1300,1309.739990234375,610091
2025-04-29T04:30:00.000Z,SAZEW,1319,1325,1287.4000244140625,1316.3299560546875,382531
2025-04-30T04:30:00.000Z,SAZEW,1286.0999755859375,1304.5999755859375,1255,1263.81005859375,480594
2025-05-02T04:30:00.000Z,SAZEW,1288,1305,1275,1297.5999755859375,393288
2025-05-05T04:30:00.000Z,SAZEW,1315,1359,1298,1343.1500244140625,818299
2025-05-06T04:30:00.000Z,SAZEW,1360,1365,1318.9100341796875,1321.739990234375,435924
2025-05-07T04:30:00.000Z,SAZEW,1205,1315,1205,1246.93994140625,610469
2025-05-08T04:30:00.000Z,SAZEW,1246,1285,1122.25,1122.280029296875,731330
2025-05-09T04:30:00.000Z,SAZEW,1158,1220,1111,1206.5400390625,607288
2025-05-12T04:30:00.000Z,SAZEW,1327.18994140625,1327.18994140625,1270.199951171875,1315.469970703125,1214744
2025-05-13T04:30:00.000Z,SAZEW,1339.97998046875,1340,1250,1318.5400390625,704354
2025-05-14T04:30:00.000Z,SAZEW,1322.8599853515625,1340,1306,1314.2900390625,573413
2025-05-15T04:30:00.000Z,SAZEW,1315,1325,1300.010009765625,1315.5699462890625,228397
2025-05-16T04:30:00.000Z,SAZEW,1303.0699462890625,1316.43994140625,1295,1299.8199462890625,113015
2025-05-19T04:30:00.000Z,SAZEW,1290.02001953125,1324.989990234375,1290,1300.1500244140625,322858
2025-05-20T04:30:00.000Z,SAZEW,1309.7900390625,1310,1280.1099853515625,1285.68994140625,121361
2025-05-21T04:30:00.000Z,SAZEW,1285.030029296875,1294.489990234375,1268.56005859375,1275.030029296875,126262
2025-05-22T04:30:00.000Z,SAZEW,1271,1279.989990234375,1250,1263.8599853515625,196499
2025-05-23T04:30:00.000Z,SAZEW,1264,1269.989990234375,1235.97998046875,1252.4599609375,156137
2025-05-26T04:30:00.000Z,SAZEW,1259.97998046875,1259.97998046875,1213.280029296875,1216.1700439453125,273672
2025-05-27T04:30:00.000Z,SAZEW,1214.449951171875,1225,1200,1203.280029296875,144634
2025-05-28T04:30:00.000Z,SAZEW,1203.280029296875,1203.280029296875,1203.280029296875,1203.280029296875,0
2025-05-29T04:30:00.000Z,SAZEW,1208.989990234375,1215,1196,1199.300048828125,160551
2025-05-30T04:30:00.000Z,SAZEW,1194.9000244140625,1199,1182,1185.8599853515625,109515
2025-06-02T04:30:00.000Z,SAZEW,1184.989990234375,1184.989990234375,1169,1171.7900390625,96386
2025-06-03T04:30:00.000Z,SAZEW,1168.199951171875,1187.8699951171875,1160,1180.260009765625,119773
2025-06-04T04:30:00.000Z,SAZEW,1188,1188,1155,1162.1199951171875,190905
2025-06-05T04:30:00.000Z,SAZEW,1142,1159.989990234375,1142,1148.469970703125,123912
2025-06-06T04:30:00.000Z,SAZEW,1148.469970703125,1148.469970703125,1148.469970703125,1148.469970703125,0
2025-06-09T04:30:00.000Z,SAZEW,1148.469970703125,1148.469970703125,1148.469970703125,1148.469970703125,0
2025-06-10T04:30:00.000Z,SAZEW,1148.469970703125,1156,1115.6199951171875,1145.050048828125,369534
2025-06-11T04:30:00.000Z,SAZEW,1121,1204,1120,1197.9300537109375,755423
2025-06-12T04:30:00.000Z,SAZEW,1207.949951171875,1214,1160.02001953125,1163.1199951171875,283440
2025-06-13T04:30:00.000Z,SAZEW,1140,1158,1130,1138.52001953125,218863
2025-06-16T04:30:00.000Z,SAZEW,1138.52001953125,1138.52001953125,1138.52001953125,1138.52001953125,0
2025-06-17T04:30:00.000Z,SAZEW,1131,1150,1131,1138.280029296875,80340
2025-06-18T04:30:00.000Z,SAZEW,1131,1137.9000244140625,1124,1125.260009765625,82552
2025-06-19T04:30:00.000Z,SAZEW,1130,1136.489990234375,1115,1118.2900390625,95479
2025-06-20T04:30:00.000Z,SAZEW,1118.2900390625,1124,1112,1117.47998046875,72675
2025-06-23T04:30:00.000Z,SAZEW,1105.1400146484375,1105.1400146484375,1060,1065.510009765625,220590
2025-06-24T04:30:00.000Z,SAZEW,1125,1145,1100,1131.3499755859375,248674
2025-06-25T04:30:00.000Z,SAZEW,1131,1138,1080,1094.77001953125,189600
2025-06-26T04:30:00.000Z,SAZEW,1099.989990234375,1107,1090.989990234375,1094.5699462890625,182284
2025-06-27T04:30:00.000Z,SAZEW,1091,1156.56005859375,1091,1137.780029296875,407012
2025-06-30T04:30:00.000Z,SAZEW,1140,1156,1120.5,1139.8199462890625,168307
2025-07-01T04:30:00.000Z,SAZEW,1147.77001953125,1147.77001953125,1125,1130.699951171875,64383
2025-07-02T04:30:00.000Z,SAZEW,1145,1145,1133.02001953125,1140.0699462890625,139568
2025-07-03T04:30:00.000Z,SAZEW,1138,1186,1130.010009765625,1163.449951171875,338738
2025-07-04T04:30:00.000Z,SAZEW,1172,1248.8499755859375,1165,1192.3199462890625,871489
2025-07-07T04:30:00.000Z,SAZEW,1199.989990234375,1209.949951171875,1199.989990234375,1204.6099853515625,178614
2025-07-08T04:30:00.000Z,SAZEW,1208,1214.47998046875,1191.02001953125,1198.8900146484375,198726
2025-07-09T04:30:00.000Z,SAZEW,1205,1205,1188.0999755859375,1194.97998046875,76758
2025-07-10T04:30:00.000Z,SAZEW,1205,1226,1191,1221.6500244140625,333128
2025-07-11T04:30:00.000Z,SAZEW,1224.47998046875,1250,1220,1227.1099853515625,307152
2025-07-14T04:30:00.000Z,SAZEW,1245,1290,1225,1278.6500244140625,588349
2025-07-15T04:30:00.000Z,SAZEW,1285,1332,1285,1301.7099609375,575685
2025-07-16T04:30:00.000Z,SAZEW,1305,1314.800048828125,1285,1293.27001953125,140248
2025-07-17T04:30:00.000Z,SAZEW,1285,1307,1282.0899658203125,1293.2900390625,61544
2025-07-18T04:30:00.000Z,SAZEW,1299,1299,1258.5,1270.8199462890625,180765
2025-07-21T04:30:00.000Z,SAZEW,1271,1278,1251,1262.9200439453125,152230
2025-07-22T04:30:00.000Z,SAZEW,1265,1270,1151,1256.1099853515625,92189
2025-07-23T04:30:00.000Z,SAZEW,1256.1099853515625,1290,1245.52001953125,1272.510009765625,256070
2025-07-24T04:30:00.000Z,SAZEW,1275,1285,1265,1267.4300537109375,100386
2025-07-25T04:30:00.000Z,SAZEW,1267.5,1283,1246.4100341796875,1249.989990234375,130490
2025-07-28T04:30:00.000Z,SAZEW,1252,1333,1250,1312.9000244140625,883921
2025-07-29T04:30:00.000Z,SAZEW,1324.989990234375,1360,1317,1324.25,567781
2025-07-30T04:30:00.000Z,SAZEW,1325,1355,1302.0999755859375,1317.530029296875,471240
2025-07-31T04:30:00.000Z,SAZEW,1322,1333,1307.010009765625,1314.5799560546875,194370
2025-08-01T04:30:00.000Z,SAZEW,1315,1318.1800537109375,1302.5799560546875,1308.9300537109375,70834
2025-08-04T04:30:00.000Z,SAZEW,1310,1320,1300.199951171875,1314.739990234375,74640
2025-08-05T04:30:00.000Z,SAZEW,1320,1363.5,1308,1351.6800537109375,468268
2025-08-06T04:30:00.000Z,SAZEW,1355,1484.699951171875,1351.5,1451.010009765625,1020966
2025-08-07T04:30:00.000Z,SAZEW,1460,1465,1435,1450.739990234375,312692
2025-08-08T04:30:00.000Z,SAZEW,1459,1460,1425,1428.68994140625,143774
2025-08-11T04:30:00.000Z,SAZEW,1402.02001953125,1463,1402.02001953125,1451.8900146484375,161267
2025-08-12T04:30:00.000Z,SAZEW,1460.010009765625,1504.989990234375,1411.1099853515625,1488.699951171875,785124
2025-08-13T04:30:00.000Z,SAZEW,1496,1498.5999755859375,1460.030029296875,1465.8599853515625,191136
2025-08-15T04:30:00.000Z,SAZEW,1480,1489,1460.300048828125,1470.9100341796875,110659
2025-08-18T04:30:00.000Z,SAZEW,1484.989990234375,1499,1476,1484.1099853515625,178750
2025-08-19T04:30:00.000Z,SAZEW,1485.5999755859375,1500,1479.030029296875,1481.6500244140625,125712
2025-08-20T04:30:00.000Z,SAZEW,1486.989990234375,1486.989990234375,1463,1467.010009765625,89631
2025-08-21T04:30:00.000Z,SAZEW,1472.510009765625,1479,1456,1462.219970703125,93582
2025-08-22T04:30:00.000Z,SAZEW,1460,1489.8599853515625,1458.9000244140625,1479.6500244140625,119524
2025-08-25T04:30:00.000Z,SAZEW,1479.6500244140625,1483,1469.06005859375,1472.1500244140625,38642
2025-08-26T04:30:00.000Z,SAZEW,1478.8900146484375,1478.8900146484375,1465.0999755859375,1470.4000244140625,40637
2025-08-27T04:30:00.000Z,SAZEW,1475,1500,1470,1495.22998046875,136401
2025-08-28T04:30:00.000Z,SAZEW,1496.010009765625,1644.75,1496.010009765625,1644.75,737765
2025-08-29T04:30:00.000Z,SAZEW,1693,1789.969970703125,1622.06005859375,1637.6400146484375,807688
2025-09-01T04:30:00.000Z,SAZEW,1610,1674.9000244140625,1555.6600341796875,1620.8299560546875,435836
2025-09-02T04:30:00.000Z,SAZEW,1645.5,1645.5,1575,1579.6500244140625,249090
2025-09-03T04:30:00.000Z,SAZEW,1579.6500244140625,1600.0999755859375,1579.6500244140625,1587.3900146484375,193585
2025-09-04T04:30:00.000Z,SAZEW,1600,1628,1591,1618.050048828125,178202
2025-09-05T04:30:00.000Z,SAZEW,1621,1669,1620,1645.3499755859375,242678
2025-09-08T04:30:00.000Z,SAZEW,1651,1666.6600341796875,1623,1641,156078
2025-09-09T04:30:00.000Z,SAZEW,1650,1658,1625,1634.030029296875,72558
2025-09-10T04:30:00.000Z,SAZEW,1634.030029296875,1639,1620,1623.530029296875,126618
2025-09-11T04:30:00.000Z,SAZEW,1623,1632,1620,1622.550048828125,78868
2025-09-12T04:30:00.000Z,SAZEW,1630,1636,1610,1620.6800537109375,112439
2025-09-15T04:30:00.000Z,SAZEW,1620,1658,1610.050048828125,1645.949951171875,202991
2025-09-16T04:30:00.000Z,SAZEW,1655,1711.9000244140625,1648,1697.280029296875,389411
2025-09-17T04:30:00.000Z,SAZEW,1687,1750,1667,1732.81005859375,644615
2025-09-18T04:30:00.000Z,SAZEW,1741,1745,1695,1720.3699951171875,229384
2025-09-19T04:30:00.000Z,SAZEW,1721,1736,1695,1712.5,115337
2025-09-22T04:30:00.000Z,SAZEW,1713,1759.97998046875,1712.5,1719.6700439453125,236194
2025-09-23T04:30:00.000Z,SAZEW,1719.6700439453125,1719.6700439453125,1719.6700439453125,1719.6700439453125,0
2025-09-24T04:30:00.000Z,SAZEW,1711.510009765625,1722,1700,1703,56325
2025-09-25T04:30:00.000Z,SAZEW,1709.989990234375,1730,1705,1715.5699462890625,72743
2025-09-26T04:30:00.000Z,SAZEW,1722,1730,1716,1720.3499755859375,84894
2025-09-29T04:30:00.000Z,SAZEW,1729,1729,1705.6600341796875,1712.469970703125,60711
2025-09-30T04:30:00.000Z,SAZEW,1712.469970703125,1855,1712.469970703125,1808.4300537109375,529144
2025-10-01T04:30:00.000Z,SAZEW,1811.010009765625,1953,1811.010009765625,1887.8900146484375,690936
2025-10-02T04:30:00.000Z,SAZEW,1895,1925,1865,1900.27001953125,179882
2025-10-03T04:30:00.000Z,SAZEW,1900.27001953125,2050,1865,1980.06005859375,553212
2025-10-06T04:30:00.000Z,SAZEW,1980.4100341796875,1983,1940.0999755859375,1952.8900146484375,213921
2025-10-07T04:30:00.000Z,SAZEW,1952.8900146484375,1952.8900146484375,1952.8900146484375,1952.8900146484375,0
2025-10-08T04:30:00.000Z,SAZEW,1912.8800048828125,1945,1890,1922.0400390625,145381
2025-10-09T04:30:00.000Z,SAZEW,1925.5,1944.949951171875,1893,1902.93994140625,110706
2025-10-10T04:30:00.000Z,SAZEW,1885,1910,1820,1875.52001953125,127025
2025-10-13T04:30:00.000Z,SAZEW,1849.989990234375,1905,1830,1833.0699462890625,195252
2025-10-14T04:30:00.000Z,SAZEW,1856,1934,1856,1923.93994140625,187005
2025-10-15T04:30:00.000Z,SAZEW,1930,1949,1890,1907.27001953125,270401
2025-10-16T04:30:00.000Z,SAZEW,1895,1915,1895,1901.0999755859375,116600
2025-10-17T04:30:00.000Z,SAZEW,1902,1914,1900.0400390625,1905.8800048828125,97506
2025-10-20T04:30:00.000Z,SAZEW,1920,1920,1884.010009765625,1889.449951171875,77328
2025-10-21T04:30:00.000Z,SAZEW,1898.8900146484375,1900,1880,1888.4599609375,97114
2025-10-22T04:30:00.000Z,SAZEW,1890,1915,1871.8800048828125,1898.1500244140625,115096
2025-10-23T04:30:00.000Z,SAZEW,1905,1909.449951171875,1885.530029296875,1887.6300048828125,37560
2025-10-24T04:30:00.000Z,SAZEW,1893.010009765625,1899,1871.0999755859375,1880,45278
2025-10-27T04:30:00.000Z,SAZEW,1870,1878.9000244140625,1835.010009765625,1838.239990234375,45576
2025-10-28T04:30:00.000Z,SAZEW,1840,1855.1800537109375,1820,1822.4000244140625,31416
2025-10-29T04:30:00.000Z,SAZEW,1822,1839.9100341796875,1765.219970703125,1791.81005859375,107030
2025-10-30T04:30:00.000Z,SAZEW,1780,1823.9000244140625,1780,1792.0699462890625,63634
2025-10-31T04:30:00.000Z,SAZEW,1801,1875,1801,1846.239990234375,133581
2025-11-03T04:30:00.000Z,SAZEW,1879.8900146484375,1879.8900146484375,1825.1099853515625,1837.6099853515625,76864
2025-11-04T04:30:00.000Z,SAZEW,1850,1850,1813,1815.8499755859375,30870
2025-11-05T04:30:00.000Z,SAZEW,1790.260009765625,1820,1785,1790.93994140625,51642
2025-11-06T04:30:00.000Z,SAZEW,1799.989990234375,1805.989990234375,1772,1777.75,46079
2025-11-07T04:30:00.000Z,SAZEW,1790,1805.949951171875,1779,1786.219970703125,42551
2025-11-10T04:30:00.000Z,SAZEW,1786.219970703125,1824.989990234375,1786.219970703125,1803.050048828125,157052
2025-11-11T04:30:00.000Z,SAZEW,1803.9000244140625,1803.9000244140625,1750,1759.6099853515625,130714
2025-11-12T04:30:00.000Z,SAZEW,1770,1771.0400390625,1737.1199951171875,1744.1500244140625,96258
2025-11-13T04:30:00.000Z,SAZEW,1750,1766,1725.0999755859375,1740.4200439453125,116934
2025-11-14T04:30:00.000Z,SAZEW,1749.5,1750,1738,1739.300048828125,26198
2025-11-17T04:30:00.000Z,SAZEW,1750,1750,1720,1725.0799560546875,60505
2025-11-18T04:30:00.000Z,SAZEW,1729.0799560546875,1729.0999755859375,1707,1712.8800048828125,36368
2025-11-19T04:30:00.000Z,SAZEW,1712.8800048828125,1719,1700.530029296875,1703.050048828125,47883
2025-11-20T04:30:00.000Z,SAZEW,1710,1715,1700,1705.219970703125,31847
2025-11-21T04:30:00.000Z,SAZEW,1709,1710,1695.050048828125,1700.02001953125,24255
2025-11-24T04:30:00.000Z,SAZEW,1707.699951171875,1707.699951171875,1690,1702.6600341796875,22300
2025-11-25T04:30:00.000Z,SAZEW,1706.219970703125,1717,1685,1694.0799560546875,47065
2025-11-26T04:30:00.000Z,SAZEW,1694.0799560546875,1700.9000244140625,1674.010009765625,1699.47998046875,56668
2025-11-27T04:30:00.000Z,SAZEW,1707,1712,1696,1701.5899658203125,50659
2025-11-28T04:30:00.000Z,SAZEW,1692.0999755859375,1789.8900146484375,1692.0999755859375,1776.949951171875,233785
2025-12-01T04:30:00.000Z,SAZEW,1782,1790,1750,1759.489990234375,86483
2025-12-02T04:30:00.000Z,SAZEW,1767.800048828125,1769,1753,1754.81005859375,32914
2025-12-03T04:30:00.000Z,SAZEW,1755,1755.02001953125,1717,1719.550048828125,69743
2025-12-04T04:30:00.000Z,SAZEW,1720.02001953125,1729,1709.97998046875,1712.300048828125,16826
2025-12-05T04:30:00.000Z,SAZEW,1725.300048828125,1730,1712,1723.7900390625,60193
2025-12-08T04:30:00.000Z,SAZEW,1729,1729,1691,1696.81005859375,125384
2025-12-09T04:30:00.000Z,SAZEW,1719.8900146484375,1719.8900146484375,1691.1099853515625,1695.1199951171875,64254
2025-12-10T04:30:00.000Z,SAZEW,1696.0999755859375,1705,1692,1694.449951171875,50029
2025-12-11T04:30:00.000Z,SAZEW,1697,1699,1672,1673.4300537109375,111351
2025-12-12T04:30:00.000Z,SAZEW,1676.06005859375,1679.8499755859375,1666.010009765625,1668.969970703125,66640
2025-12-15T04:30:00.000Z,SAZEW,1669,1678.989990234375,1650,1652.8800048828125,58726
2025-12-16T04:30:00.000Z,SAZEW,1656.010009765625,1715,1656,1674.47998046875,180852
2025-12-17T04:30:00.000Z,SAZEW,1689.989990234375,1689.989990234375,1648.8800048828125,1652.2900390625,118551
2025-12-18T04:30:00.000Z,SAZEW,1653,1660,1641.510009765625,1643.31005859375,62282
2025-12-19T04:30:00.000Z,SAZEW,1645,1670,1628.0999755859375,1631.3499755859375,85976
2025-12-22T04:30:00.000Z,SAZEW,1631,1650,1629,1644.18994140625,108206
2025-12-23T04:30:00.000Z,SAZEW,1649.43994140625,1649.43994140625,1630.010009765625,1636.3199462890625,89438
2025-12-24T04:30:00.000Z,SAZEW,1645,1648,1620,1622.7900390625,80603
2025-12-26T04:30:00.000Z,SAZEW,1631.050048828125,1632,1614.5699462890625,1617.43994140625,64824
2025-12-29T04:30:00.000Z,SAZEW,1625,1660,1610.0999755859375,1643.6800537109375,202837
2025-12-30T04:30:00.000Z,SAZEW,1648.0999755859375,1709,1646.02001953125,1682.18994140625,250177
2025-12-31T04:30:00.000Z,SAZEW,1688,1720,1672,1701.9000244140625,142573
2026-01-01T04:30:00.000Z,SAZEW,1701.9000244140625,1701.9000244140625,1701.9000244140625,1701.9000244140625,0
2026-01-02T04:30:00.000Z,SAZEW,1706.0999755859375,1770.010009765625,1705,1760.6400146484375,328001
2026-01-05T04:30:00.000Z,SAZEW,1762.5,1840,1760.6400146484375,1815.6700439453125,376364
2026-01-06T04:30:00.000Z,SAZEW,1830.010009765625,1850,1790,1838.260009765625,245138
2026-01-07T04:30:00.000Z,SAZEW,1845,1965.989990234375,1844.969970703125,1953.510009765625,500564
2026-01-08T04:30:00.000Z,SAZEW,1965.989990234375,2008,1955.56005859375,1968.3199462890625,455192
2026-01-09T04:30:00.000Z,SAZEW,1968.3199462890625,1986.949951171875,1932,1945.510009765625,250207
2026-01-12T04:30:00.000Z,SAZEW,1940,1940,1858,1868.4100341796875,600795
2026-01-13T04:30:00.000Z,SAZEW,1869.97998046875,1885,1815,1822.8199462890625,282329
2026-01-14T04:30:00.000Z,SAZEW,1830,1835,1800,1803.72998046875,122555
2026-01-15T04:30:00.000Z,SAZEW,1805,1814.989990234375,1696.300048828125,1701.239990234375,406722
2026-01-16T04:30:00.000Z,SAZEW,1720,1774.800048828125,1701.300048828125,1744.6300048828125,221946
